{
  "bm25": {
    "query_coverage": null,
    "no_result_query_count": null,
    "precision_at_5": 0.389,
    "recall_at_5": 0.038784,
    "mrr_at_5": 0.43575,
    "ndcg_at_5": 0.302592,
    "precision_at_10": 0.38,
    "recall_at_10": 0.075788,
    "mrr_at_10": 0.439917,
    "ndcg_at_10": 0.297994,
    "precision_at_20": 0.37775,
    "recall_at_20": 0.150625,
    "mrr_at_20": 0.440667,
    "ndcg_at_20": 0.302237
  },
  "semantic": {
    "query_coverage": 0.995,
    "no_result_query_count": 1,
    "precision_at_5": 0.508,
    "recall_at_5": 0.050529,
    "mrr_at_5": 0.51075,
    "ndcg_at_5": 0.362414,
    "precision_at_10": 0.498,
    "recall_at_10": 0.09908,
    "mrr_at_10": 0.516264,
    "ndcg_at_10": 0.37332,
    "precision_at_20": 0.487,
    "recall_at_20": 0.193794,
    "mrr_at_20": 0.518902,
    "ndcg_at_20": 0.382757
  },
  "semantic_minus_bm25": {
    "query_coverage": null,
    "no_result_query_count": null,
    "precision_at_5": 0.119,
    "recall_at_5": 0.011745,
    "mrr_at_5": 0.075,
    "ndcg_at_5": 0.059822,
    "precision_at_10": 0.118,
    "recall_at_10": 0.023292,
    "mrr_at_10": 0.076347,
    "ndcg_at_10": 0.075326,
    "precision_at_20": 0.10925,
    "recall_at_20": 0.043169,
    "mrr_at_20": 0.078235,
    "ndcg_at_20": 0.08052
  }
}