{
  "baseline_linear_hybrid_on_test_requests": {
    "hit_rate_at_5": 0.03125,
    "mrr_at_5": 0.0078125,
    "ndcg_at_5": 0.00835833009231316,
    "positive_recall_at_5": 0.020833333333333332,
    "hit_rate_at_10": 0.109375,
    "mrr_at_10": 0.01675347222222222,
    "ndcg_at_10": 0.026146373341254116,
    "positive_recall_at_10": 0.08333333333333333,
    "hit_rate_at_20": 0.140625,
    "mrr_at_20": 0.018836805555555555,
    "ndcg_at_20": 0.03097055005592184,
    "positive_recall_at_20": 0.109375
  },
  "personalized_reranking": {
    "hit_rate_at_5": 0.03125,
    "mrr_at_5": 0.0078125,
    "ndcg_at_5": 0.00835833009231316,
    "positive_recall_at_5": 0.020833333333333332,
    "hit_rate_at_10": 0.109375,
    "mrr_at_10": 0.017528521825396826,
    "ndcg_at_10": 0.02649171190056829,
    "positive_recall_at_10": 0.08333333333333333,
    "hit_rate_at_20": 0.140625,
    "mrr_at_20": 0.01937313988095238,
    "ndcg_at_20": 0.031204264017384364,
    "positive_recall_at_20": 0.109375
  },
  "personalized_minus_baseline": {
    "hit_rate_at_5": 0.0,
    "mrr_at_5": 0.0,
    "ndcg_at_5": 0.0,
    "positive_recall_at_5": 0.0,
    "hit_rate_at_10": 0.0,
    "mrr_at_10": 0.000775,
    "ndcg_at_10": 0.000345,
    "positive_recall_at_10": 0.0,
    "hit_rate_at_20": 0.0,
    "mrr_at_20": 0.000536,
    "ndcg_at_20": 0.000234,
    "positive_recall_at_20": 0.0
  },
  "qrels_baseline": {
    "precision_at_5": 0.478125,
    "recall_at_5": 0.04753063725490196,
    "mrr_at_5": 0.48359375,
    "ndcg_at_5": 0.3695124486903343,
    "precision_at_10": 0.4828125,
    "recall_at_10": 0.09598039215686274,
    "mrr_at_10": 0.49661458333333336,
    "ndcg_at_10": 0.39190735529352794,
    "precision_at_20": 0.46875,
    "recall_at_20": 0.18645220588235295,
    "mrr_at_20": 0.49835069444444446,
    "ndcg_at_20": 0.39853706371570313
  },
  "qrels_personalized": {
    "precision_at_5": 0.48125,
    "recall_at_5": 0.04783700980392157,
    "mrr_at_5": 0.4947916666666667,
    "ndcg_at_5": 0.3716448320364519,
    "precision_at_10": 0.490625,
    "recall_at_10": 0.09752450980392158,
    "mrr_at_10": 0.5052083333333334,
    "ndcg_at_10": 0.39678886654264417,
    "precision_at_20": 0.46875,
    "recall_at_20": 0.18645220588235295,
    "mrr_at_20": 0.5080492424242424,
    "ndcg_at_20": 0.3997626030379998
  },
  "qrels_delta": {
    "precision_at_5": 0.003125,
    "recall_at_5": 0.000306,
    "mrr_at_5": 0.011198,
    "ndcg_at_5": 0.002132,
    "precision_at_10": 0.007812,
    "recall_at_10": 0.001544,
    "mrr_at_10": 0.008594,
    "ndcg_at_10": 0.004882,
    "precision_at_20": 0.0,
    "recall_at_20": 0.0,
    "mrr_at_20": 0.009699,
    "ndcg_at_20": 0.001226
  }
}