{
  "bm25": {
    "query_coverage": 0.54,
    "precision_at_5": 0.389,
    "precision_at_10": 0.38,
    "precision_at_20": 0.37775,
    "recall_at_5": 0.038784,
    "recall_at_10": 0.075788,
    "recall_at_20": 0.150625,
    "mrr_at_5": 0.43575,
    "mrr_at_10": 0.439917,
    "mrr_at_20": 0.440667,
    "ndcg_at_5": 0.302592,
    "ndcg_at_10": 0.297994,
    "ndcg_at_20": 0.302237
  },
  "semantic_lsa": {
    "query_coverage": 0.995,
    "precision_at_5": 0.508,
    "precision_at_10": 0.498,
    "precision_at_20": 0.487,
    "recall_at_5": 0.050529,
    "recall_at_10": 0.09908,
    "recall_at_20": 0.193794,
    "mrr_at_5": 0.51075,
    "mrr_at_10": 0.516264,
    "mrr_at_20": 0.518902,
    "ndcg_at_5": 0.362414,
    "ndcg_at_10": 0.37332,
    "ndcg_at_20": 0.382757
  },
  "hybrid_rrf": {
    "query_coverage": 0.995,
    "precision_at_5": 0.523,
    "precision_at_10": 0.515,
    "precision_at_20": 0.50325,
    "recall_at_5": 0.05202,
    "recall_at_10": 0.102459,
    "recall_at_20": 0.200255,
    "mrr_at_5": 0.531833,
    "mrr_at_10": 0.535687,
    "mrr_at_20": 0.537471,
    "ndcg_at_5": 0.376948,
    "ndcg_at_10": 0.384736,
    "ndcg_at_20": 0.396609
  },
  "hybrid_linear": {
    "query_coverage": 0.995,
    "precision_at_5": 0.535,
    "precision_at_10": 0.5205,
    "precision_at_20": 0.50375,
    "recall_at_5": 0.053206,
    "recall_at_10": 0.103547,
    "recall_at_20": 0.200459,
    "mrr_at_5": 0.553,
    "mrr_at_10": 0.556833,
    "mrr_at_20": 0.557667,
    "ndcg_at_5": 0.386061,
    "ndcg_at_10": 0.392327,
    "ndcg_at_20": 0.397776
  },
  "rrf_minus_bm25": {
    "precision_at_5": 0.134,
    "precision_at_10": 0.135,
    "precision_at_20": 0.1255,
    "recall_at_5": 0.013236,
    "recall_at_10": 0.026671,
    "recall_at_20": 0.04963,
    "mrr_at_5": 0.096083,
    "mrr_at_10": 0.09577,
    "mrr_at_20": 0.096804,
    "ndcg_at_5": 0.074356,
    "ndcg_at_10": 0.086742,
    "ndcg_at_20": 0.094372
  },
  "rrf_minus_semantic": {
    "precision_at_5": 0.015,
    "precision_at_10": 0.017,
    "precision_at_20": 0.01625,
    "recall_at_5": 0.001491,
    "recall_at_10": 0.003379,
    "recall_at_20": 0.006461,
    "mrr_at_5": 0.021083,
    "mrr_at_10": 0.019423,
    "mrr_at_20": 0.018569,
    "ndcg_at_5": 0.014534,
    "ndcg_at_10": 0.011416,
    "ndcg_at_20": 0.013852
  },
  "linear_minus_bm25": {
    "precision_at_5": 0.146,
    "precision_at_10": 0.1405,
    "precision_at_20": 0.126,
    "recall_at_5": 0.014422,
    "recall_at_10": 0.027759,
    "recall_at_20": 0.049834,
    "mrr_at_5": 0.11725,
    "mrr_at_10": 0.116916,
    "mrr_at_20": 0.117,
    "ndcg_at_5": 0.083469,
    "ndcg_at_10": 0.094333,
    "ndcg_at_20": 0.095539
  },
  "linear_minus_semantic": {
    "precision_at_5": 0.027,
    "precision_at_10": 0.0225,
    "precision_at_20": 0.01675,
    "recall_at_5": 0.002677,
    "recall_at_10": 0.004467,
    "recall_at_20": 0.006665,
    "mrr_at_5": 0.04225,
    "mrr_at_10": 0.040569,
    "mrr_at_20": 0.038765,
    "ndcg_at_5": 0.023647,
    "ndcg_at_10": 0.019007,
    "ndcg_at_20": 0.015019
  }
}